{
  "ABIRoot": {
    "kind": "Root",
    "name": "TopLevel",
    "printedName": "TopLevel",
    "children": [
      {
        "kind": "Import",
        "name": "UIKit",
        "printedName": "UIKit",
        "declKind": "Import",
        "moduleName": "SimpleMath",
        "declAttributes": [
          "RawDocComment"
        ]
      },
      {
        "kind": "TypeDecl",
        "name": "dotAnimatedLoader",
        "printedName": "dotAnimatedLoader",
        "children": [
          {
            "kind": "Var",
            "name": "sharedInstance",
            "printedName": "sharedInstance",
            "children": [
              {
                "kind": "TypeNominal",
                "name": "dotAnimatedLoader",
                "printedName": "SimpleMath.dotAnimatedLoader",
                "usr": "c:@M@SimpleMath@objc(cs)dotAnimatedLoader"
              }
            ],
            "declKind": "Var",
            "usr": "s:10SimpleMath17dotAnimatedLoaderC14sharedInstanceACvpZ",
            "mangledName": "$s10SimpleMath17dotAnimatedLoaderC14sharedInstanceACvpZ",
            "moduleName": "SimpleMath",
            "static": true,
            "declAttributes": [
              "HasInitialValue",
              "Final",
              "HasStorage",
              "AccessControl"
            ],
            "isLet": true,
            "hasStorage": true,
            "accessors": [
              {
                "kind": "Accessor",
                "name": "Get",
                "printedName": "Get()",
                "children": [
                  {
                    "kind": "TypeNominal",
                    "name": "dotAnimatedLoader",
                    "printedName": "SimpleMath.dotAnimatedLoader",
                    "usr": "c:@M@SimpleMath@objc(cs)dotAnimatedLoader"
                  }
                ],
                "declKind": "Accessor",
                "usr": "s:10SimpleMath17dotAnimatedLoaderC14sharedInstanceACvgZ",
                "mangledName": "$s10SimpleMath17dotAnimatedLoaderC14sharedInstanceACvgZ",
                "moduleName": "SimpleMath",
                "static": true,
                "implicit": true,
                "declAttributes": [
                  "Final"
                ],
                "accessorKind": "get"
              }
            ]
          },
          {
            "kind": "Function",
            "name": "addDots",
            "printedName": "addDots(height:width:numberOfDots:radius:containerView:tag:)",
            "children": [
              {
                "kind": "TypeNominal",
                "name": "Void",
                "printedName": "()"
              },
              {
                "kind": "TypeNominal",
                "name": "CGFloat",
                "printedName": "CoreGraphics.CGFloat",
                "hasDefaultArg": true,
                "usr": "s:14CoreFoundation7CGFloatV"
              },
              {
                "kind": "TypeNominal",
                "name": "CGFloat",
                "printedName": "CoreGraphics.CGFloat",
                "hasDefaultArg": true,
                "usr": "s:14CoreFoundation7CGFloatV"
              },
              {
                "kind": "TypeNominal",
                "name": "Int",
                "printedName": "Swift.Int",
                "hasDefaultArg": true,
                "usr": "s:Si"
              },
              {
                "kind": "TypeNominal",
                "name": "CGFloat",
                "printedName": "CoreGraphics.CGFloat",
                "usr": "s:14CoreFoundation7CGFloatV"
              },
              {
                "kind": "TypeNominal",
                "name": "UIView",
                "printedName": "UIKit.UIView",
                "usr": "c:objc(cs)UIView"
              },
              {
                "kind": "TypeNominal",
                "name": "Int",
                "printedName": "Swift.Int",
                "usr": "s:Si"
              }
            ],
            "declKind": "Func",
            "usr": "s:10SimpleMath17dotAnimatedLoaderC7addDots6height5width08numberOfG06radius13containerView3tagy14CoreFoundation7CGFloatV_AMSiAMSo6UIViewCSitF",
            "mangledName": "$s10SimpleMath17dotAnimatedLoaderC7addDots6height5width08numberOfG06radius13containerView3tagy12CoreGraphics7CGFloatV_AMSiAMSo6UIViewCSitF",
            "moduleName": "SimpleMath",
            "isOpen": true,
            "declAttributes": [
              "AccessControl"
            ],
            "funcSelfKind": "NonMutating"
          },
          {
            "kind": "Function",
            "name": "startRotationAnimation",
            "printedName": "startRotationAnimation(containerView:duration:rotateClockwise:)",
            "children": [
              {
                "kind": "TypeNominal",
                "name": "Void",
                "printedName": "()"
              },
              {
                "kind": "TypeNominal",
                "name": "UIView",
                "printedName": "UIKit.UIView",
                "usr": "c:objc(cs)UIView"
              },
              {
                "kind": "TypeNominal",
                "name": "Double",
                "printedName": "Swift.Double",
                "hasDefaultArg": true,
                "usr": "s:Sd"
              },
              {
                "kind": "TypeNominal",
                "name": "Bool",
                "printedName": "Swift.Bool",
                "hasDefaultArg": true,
                "usr": "s:Sb"
              }
            ],
            "declKind": "Func",
            "usr": "s:10SimpleMath17dotAnimatedLoaderC22startRotationAnimation13containerView8duration15rotateClockwiseySo6UIViewC_SdSbtF",
            "mangledName": "$s10SimpleMath17dotAnimatedLoaderC22startRotationAnimation13containerView8duration15rotateClockwiseySo6UIViewC_SdSbtF",
            "moduleName": "SimpleMath",
            "isOpen": true,
            "declAttributes": [
              "AccessControl"
            ],
            "funcSelfKind": "NonMutating"
          },
          {
            "kind": "Function",
            "name": "UpdateRadiusByScale",
            "printedName": "UpdateRadiusByScale(containerView:scale:)",
            "children": [
              {
                "kind": "TypeNominal",
                "name": "Void",
                "printedName": "()"
              },
              {
                "kind": "TypeNominal",
                "name": "UIView",
                "printedName": "UIKit.UIView",
                "usr": "c:objc(cs)UIView"
              },
              {
                "kind": "TypeNominal",
                "name": "CGFloat",
                "printedName": "CoreGraphics.CGFloat",
                "hasDefaultArg": true,
                "usr": "s:14CoreFoundation7CGFloatV"
              }
            ],
            "declKind": "Func",
            "usr": "s:10SimpleMath17dotAnimatedLoaderC19UpdateRadiusByScale13containerView5scaleySo6UIViewC_14CoreFoundation7CGFloatVtF",
            "mangledName": "$s10SimpleMath17dotAnimatedLoaderC19UpdateRadiusByScale13containerView5scaleySo6UIViewC_12CoreGraphics7CGFloatVtF",
            "moduleName": "SimpleMath",
            "isOpen": true,
            "declAttributes": [
              "AccessControl"
            ],
            "funcSelfKind": "NonMutating"
          },
          {
            "kind": "Function",
            "name": "UpdateRadiusByScale",
            "printedName": "UpdateRadiusByScale(containerView:scale:firstViewTag:secondViewTag:)",
            "children": [
              {
                "kind": "TypeNominal",
                "name": "Void",
                "printedName": "()"
              },
              {
                "kind": "TypeNominal",
                "name": "UIView",
                "printedName": "UIKit.UIView",
                "usr": "c:objc(cs)UIView"
              },
              {
                "kind": "TypeNominal",
                "name": "CGFloat",
                "printedName": "CoreGraphics.CGFloat",
                "hasDefaultArg": true,
                "usr": "s:14CoreFoundation7CGFloatV"
              },
              {
                "kind": "TypeNominal",
                "name": "Int",
                "printedName": "Swift.Int",
                "usr": "s:Si"
              },
              {
                "kind": "TypeNominal",
                "name": "Int",
                "printedName": "Swift.Int",
                "usr": "s:Si"
              }
            ],
            "declKind": "Func",
            "usr": "s:10SimpleMath17dotAnimatedLoaderC19UpdateRadiusByScale13containerView5scale05firstK3Tag06secondkN0ySo6UIViewC_14CoreFoundation7CGFloatVS2itF",
            "mangledName": "$s10SimpleMath17dotAnimatedLoaderC19UpdateRadiusByScale13containerView5scale05firstK3Tag06secondkN0ySo6UIViewC_12CoreGraphics7CGFloatVS2itF",
            "moduleName": "SimpleMath",
            "isOpen": true,
            "declAttributes": [
              "AccessControl"
            ],
            "funcSelfKind": "NonMutating"
          },
          {
            "kind": "Function",
            "name": "endRotation",
            "printedName": "endRotation(scale:)",
            "children": [
              {
                "kind": "TypeNominal",
                "name": "Void",
                "printedName": "()"
              },
              {
                "kind": "TypeNominal",
                "name": "CGFloat",
                "printedName": "CoreGraphics.CGFloat",
                "hasDefaultArg": true,
                "usr": "s:14CoreFoundation7CGFloatV"
              }
            ],
            "declKind": "Func",
            "usr": "s:10SimpleMath17dotAnimatedLoaderC11endRotation5scaley14CoreFoundation7CGFloatV_tF",
            "mangledName": "$s10SimpleMath17dotAnimatedLoaderC11endRotation5scaley12CoreGraphics7CGFloatV_tF",
            "moduleName": "SimpleMath",
            "isOpen": true,
            "declAttributes": [
              "AccessControl"
            ],
            "funcSelfKind": "NonMutating"
          },
          {
            "kind": "Constructor",
            "name": "init",
            "printedName": "init()",
            "children": [
              {
                "kind": "TypeNominal",
                "name": "dotAnimatedLoader",
                "printedName": "SimpleMath.dotAnimatedLoader",
                "usr": "c:@M@SimpleMath@objc(cs)dotAnimatedLoader"
              }
            ],
            "declKind": "Constructor",
            "usr": "c:@M@SimpleMath@objc(cs)dotAnimatedLoader(im)init",
            "mangledName": "$s10SimpleMath17dotAnimatedLoaderCACycfc",
            "moduleName": "SimpleMath",
            "overriding": true,
            "implicit": true,
            "objc_name": "init",
            "declAttributes": [
              "Dynamic",
              "ObjC",
              "Override"
            ],
            "init_kind": "Designated"
          }
        ],
        "declKind": "Class",
        "usr": "c:@M@SimpleMath@objc(cs)dotAnimatedLoader",
        "mangledName": "$s10SimpleMath17dotAnimatedLoaderC",
        "moduleName": "SimpleMath",
        "isOpen": true,
        "declAttributes": [
          "AccessControl",
          "ObjC"
        ],
        "superclassUsr": "c:objc(cs)NSObject",
        "inheritsConvenienceInitializers": true,
        "superclassNames": [
          "ObjectiveC.NSObject"
        ],
        "conformances": [
          {
            "kind": "Conformance",
            "name": "Equatable",
            "printedName": "Equatable",
            "usr": "s:SQ",
            "mangledName": "$sSQ"
          },
          {
            "kind": "Conformance",
            "name": "Hashable",
            "printedName": "Hashable",
            "usr": "s:SH",
            "mangledName": "$sSH"
          },
          {
            "kind": "Conformance",
            "name": "CVarArg",
            "printedName": "CVarArg",
            "usr": "s:s7CVarArgP",
            "mangledName": "$ss7CVarArgP"
          },
          {
            "kind": "Conformance",
            "name": "_KeyValueCodingAndObservingPublishing",
            "printedName": "_KeyValueCodingAndObservingPublishing",
            "usr": "s:10Foundation37_KeyValueCodingAndObservingPublishingP",
            "mangledName": "$s10Foundation37_KeyValueCodingAndObservingPublishingP"
          },
          {
            "kind": "Conformance",
            "name": "_KeyValueCodingAndObserving",
            "printedName": "_KeyValueCodingAndObserving",
            "usr": "s:10Foundation27_KeyValueCodingAndObservingP",
            "mangledName": "$s10Foundation27_KeyValueCodingAndObservingP"
          },
          {
            "kind": "Conformance",
            "name": "CustomStringConvertible",
            "printedName": "CustomStringConvertible",
            "usr": "s:s23CustomStringConvertibleP",
            "mangledName": "$ss23CustomStringConvertibleP"
          },
          {
            "kind": "Conformance",
            "name": "CustomDebugStringConvertible",
            "printedName": "CustomDebugStringConvertible",
            "usr": "s:s28CustomDebugStringConvertibleP",
            "mangledName": "$ss28CustomDebugStringConvertibleP"
          }
        ]
      },
      {
        "kind": "Import",
        "name": "CoreML",
        "printedName": "CoreML",
        "declKind": "Import",
        "moduleName": "SimpleMath",
        "declAttributes": [
          "RawDocComment"
        ]
      }
    ],
    "json_format_version": 8
  },
  "ConstValues": [
    {
      "filePath": "\/Users\/infogen\/Personal\/SimpleMath\/SimpleMath\/LoadingViewController.swift",
      "kind": "BooleanLiteral",
      "offset": 189,
      "length": 5,
      "value": "false"
    },
    {
      "filePath": "\/Users\/infogen\/Personal\/SimpleMath\/SimpleMath\/LoadingViewController.swift",
      "kind": "FloatLiteral",
      "offset": 242,
      "length": 3,
      "value": "5.0"
    },
    {
      "filePath": "\/Users\/infogen\/Personal\/SimpleMath\/SimpleMath\/LoadingViewController.swift",
      "kind": "IntegerLiteral",
      "offset": 345,
      "length": 2,
      "value": "30"
    },
    {
      "filePath": "\/Users\/infogen\/Personal\/SimpleMath\/SimpleMath\/LoadingViewController.swift",
      "kind": "IntegerLiteral",
      "offset": 365,
      "length": 2,
      "value": "24"
    },
    {
      "filePath": "\/Users\/infogen\/Personal\/SimpleMath\/SimpleMath\/LoadingViewController.swift",
      "kind": "IntegerLiteral",
      "offset": 387,
      "length": 1,
      "value": "8"
    },
    {
      "filePath": "\/Users\/infogen\/Personal\/SimpleMath\/SimpleMath\/LoadingViewController.swift",
      "kind": "IntegerLiteral",
      "offset": 488,
      "length": 1,
      "value": "2"
    },
    {
      "filePath": "\/Users\/infogen\/Personal\/SimpleMath\/SimpleMath\/LoadingViewController.swift",
      "kind": "IntegerLiteral",
      "offset": 541,
      "length": 1,
      "value": "2"
    },
    {
      "filePath": "\/Users\/infogen\/Personal\/SimpleMath\/SimpleMath\/LoadingViewController.swift",
      "kind": "IntegerLiteral",
      "offset": 569,
      "length": 1,
      "value": "0"
    },
    {
      "filePath": "\/Users\/infogen\/Personal\/SimpleMath\/SimpleMath\/LoadingViewController.swift",
      "kind": "IntegerLiteral",
      "offset": 621,
      "length": 1,
      "value": "2"
    },
    {
      "filePath": "\/Users\/infogen\/Personal\/SimpleMath\/SimpleMath\/LoadingViewController.swift",
      "kind": "IntegerLiteral",
      "offset": 733,
      "length": 1,
      "value": "2"
    },
    {
      "filePath": "\/Users\/infogen\/Personal\/SimpleMath\/SimpleMath\/LoadingViewController.swift",
      "kind": "IntegerLiteral",
      "offset": 795,
      "length": 1,
      "value": "2"
    },
    {
      "filePath": "\/Users\/infogen\/Personal\/SimpleMath\/SimpleMath\/LoadingViewController.swift",
      "kind": "FloatLiteral",
      "offset": 933,
      "length": 3,
      "value": "0.9"
    },
    {
      "filePath": "\/Users\/infogen\/Personal\/SimpleMath\/SimpleMath\/LoadingViewController.swift",
      "kind": "IntegerLiteral",
      "offset": 1115,
      "length": 1,
      "value": "2"
    },
    {
      "filePath": "\/Users\/infogen\/Personal\/SimpleMath\/SimpleMath\/LoadingViewController.swift",
      "kind": "IntegerLiteral",
      "offset": 1304,
      "length": 1,
      "value": "1"
    },
    {
      "filePath": "\/Users\/infogen\/Personal\/SimpleMath\/SimpleMath\/LoadingViewController.swift",
      "kind": "BooleanLiteral",
      "offset": 1327,
      "length": 4,
      "value": "true"
    },
    {
      "filePath": "\/Users\/infogen\/Personal\/SimpleMath\/SimpleMath\/LoadingViewController.swift",
      "kind": "StringLiteral",
      "offset": 1393,
      "length": 22,
      "value": "\"transform.rotation.z\""
    },
    {
      "filePath": "\/Users\/infogen\/Personal\/SimpleMath\/SimpleMath\/LoadingViewController.swift",
      "kind": "FloatLiteral",
      "offset": 1464,
      "length": 3,
      "value": "1.0"
    },
    {
      "filePath": "\/Users\/infogen\/Personal\/SimpleMath\/SimpleMath\/LoadingViewController.swift",
      "kind": "FloatLiteral",
      "offset": 1526,
      "length": 3,
      "value": "2.0"
    },
    {
      "filePath": "\/Users\/infogen\/Personal\/SimpleMath\/SimpleMath\/LoadingViewController.swift",
      "kind": "IntegerLiteral",
      "offset": 1568,
      "length": 1,
      "value": "1"
    },
    {
      "filePath": "\/Users\/infogen\/Personal\/SimpleMath\/SimpleMath\/LoadingViewController.swift",
      "kind": "BooleanLiteral",
      "offset": 1611,
      "length": 4,
      "value": "true"
    },
    {
      "filePath": "\/Users\/infogen\/Personal\/SimpleMath\/SimpleMath\/LoadingViewController.swift",
      "kind": "StringLiteral",
      "offset": 1725,
      "length": 19,
      "value": "\"rotationAnimation\""
    },
    {
      "filePath": "\/Users\/infogen\/Personal\/SimpleMath\/SimpleMath\/LoadingViewController.swift",
      "kind": "FloatLiteral",
      "offset": 1828,
      "length": 3,
      "value": "0.5"
    },
    {
      "filePath": "\/Users\/infogen\/Personal\/SimpleMath\/SimpleMath\/LoadingViewController.swift",
      "kind": "FloatLiteral",
      "offset": 1877,
      "length": 3,
      "value": "2.0"
    },
    {
      "filePath": "\/Users\/infogen\/Personal\/SimpleMath\/SimpleMath\/LoadingViewController.swift",
      "kind": "StringLiteral",
      "offset": 1951,
      "length": 15,
      "value": "\"containerView\""
    },
    {
      "filePath": "\/Users\/infogen\/Personal\/SimpleMath\/SimpleMath\/LoadingViewController.swift",
      "kind": "StringLiteral",
      "offset": 1983,
      "length": 7,
      "value": "\"scale\""
    },
    {
      "filePath": "\/Users\/infogen\/Personal\/SimpleMath\/SimpleMath\/LoadingViewController.swift",
      "kind": "BooleanLiteral",
      "offset": 2009,
      "length": 4,
      "value": "true"
    },
    {
      "filePath": "\/Users\/infogen\/Personal\/SimpleMath\/SimpleMath\/LoadingViewController.swift",
      "kind": "FloatLiteral",
      "offset": 2097,
      "length": 3,
      "value": "0.5"
    },
    {
      "filePath": "\/Users\/infogen\/Personal\/SimpleMath\/SimpleMath\/LoadingViewController.swift",
      "kind": "FloatLiteral",
      "offset": 2181,
      "length": 3,
      "value": "2.0"
    },
    {
      "filePath": "\/Users\/infogen\/Personal\/SimpleMath\/SimpleMath\/LoadingViewController.swift",
      "kind": "StringLiteral",
      "offset": 2255,
      "length": 15,
      "value": "\"containerView\""
    },
    {
      "filePath": "\/Users\/infogen\/Personal\/SimpleMath\/SimpleMath\/LoadingViewController.swift",
      "kind": "StringLiteral",
      "offset": 2287,
      "length": 7,
      "value": "\"scale\""
    },
    {
      "filePath": "\/Users\/infogen\/Personal\/SimpleMath\/SimpleMath\/LoadingViewController.swift",
      "kind": "StringLiteral",
      "offset": 2302,
      "length": 14,
      "value": "\"firstViewTag\""
    },
    {
      "filePath": "\/Users\/infogen\/Personal\/SimpleMath\/SimpleMath\/LoadingViewController.swift",
      "kind": "StringLiteral",
      "offset": 2330,
      "length": 15,
      "value": "\"secondViewTag\""
    },
    {
      "filePath": "\/Users\/infogen\/Personal\/SimpleMath\/SimpleMath\/LoadingViewController.swift",
      "kind": "BooleanLiteral",
      "offset": 2371,
      "length": 4,
      "value": "true"
    },
    {
      "filePath": "\/Users\/infogen\/Personal\/SimpleMath\/SimpleMath\/LoadingViewController.swift",
      "kind": "StringLiteral",
      "offset": 2554,
      "length": 15,
      "value": "\"containerView\""
    },
    {
      "filePath": "\/Users\/infogen\/Personal\/SimpleMath\/SimpleMath\/LoadingViewController.swift",
      "kind": "StringLiteral",
      "offset": 2604,
      "length": 7,
      "value": "\"scale\""
    },
    {
      "filePath": "\/Users\/infogen\/Personal\/SimpleMath\/SimpleMath\/LoadingViewController.swift",
      "kind": "StringLiteral",
      "offset": 2654,
      "length": 14,
      "value": "\"firstViewTag\""
    },
    {
      "filePath": "\/Users\/infogen\/Personal\/SimpleMath\/SimpleMath\/LoadingViewController.swift",
      "kind": "StringLiteral",
      "offset": 2708,
      "length": 15,
      "value": "\"secondViewTag\""
    },
    {
      "filePath": "\/Users\/infogen\/Personal\/SimpleMath\/SimpleMath\/LoadingViewController.swift",
      "kind": "IntegerLiteral",
      "offset": 2963,
      "length": 1,
      "value": "1"
    },
    {
      "filePath": "\/Users\/infogen\/Personal\/SimpleMath\/SimpleMath\/LoadingViewController.swift",
      "kind": "FloatLiteral",
      "offset": 3273,
      "length": 3,
      "value": "0.0"
    },
    {
      "filePath": "\/Users\/infogen\/Personal\/SimpleMath\/SimpleMath\/LoadingViewController.swift",
      "kind": "FloatLiteral",
      "offset": 3416,
      "length": 3,
      "value": "0.5"
    },
    {
      "filePath": "\/Users\/infogen\/Personal\/SimpleMath\/SimpleMath\/LoadingViewController.swift",
      "kind": "IntegerLiteral",
      "offset": 3729,
      "length": 1,
      "value": "3"
    },
    {
      "filePath": "\/Users\/infogen\/Personal\/SimpleMath\/SimpleMath\/LoadingViewController.swift",
      "kind": "FloatLiteral",
      "offset": 4040,
      "length": 3,
      "value": "0.5"
    },
    {
      "filePath": "\/Users\/infogen\/Personal\/SimpleMath\/SimpleMath\/LoadingViewController.swift",
      "kind": "FloatLiteral",
      "offset": 4195,
      "length": 3,
      "value": "0.9"
    },
    {
      "filePath": "\/Users\/infogen\/Personal\/SimpleMath\/SimpleMath\/LoadingViewController.swift",
      "kind": "IntegerLiteral",
      "offset": 4424,
      "length": 1,
      "value": "3"
    },
    {
      "filePath": "\/Users\/infogen\/Personal\/SimpleMath\/SimpleMath\/LoadingViewController.swift",
      "kind": "FloatLiteral",
      "offset": 4531,
      "length": 3,
      "value": "0.5"
    },
    {
      "filePath": "\/Users\/infogen\/Personal\/SimpleMath\/SimpleMath\/LoadingViewController.swift",
      "kind": "FloatLiteral",
      "offset": 4539,
      "length": 3,
      "value": "0.5"
    },
    {
      "filePath": "\/Users\/infogen\/Personal\/SimpleMath\/SimpleMath\/LoadingViewController.swift",
      "kind": "IntegerLiteral",
      "offset": 4748,
      "length": 1,
      "value": "0"
    },
    {
      "filePath": "\/Users\/infogen\/Personal\/SimpleMath\/SimpleMath\/LoadingViewController.swift",
      "kind": "FloatLiteral",
      "offset": 4900,
      "length": 3,
      "value": "0.9"
    },
    {
      "filePath": "\/Users\/infogen\/Personal\/SimpleMath\/SimpleMath\/LoadingViewController.swift",
      "kind": "IntegerLiteral",
      "offset": 5106,
      "length": 1,
      "value": "5"
    },
    {
      "filePath": "\/Users\/infogen\/Personal\/SimpleMath\/SimpleMath\/LoadingViewController.swift",
      "kind": "BooleanLiteral",
      "offset": 5170,
      "length": 4,
      "value": "true"
    },
    {
      "filePath": "\/Users\/infogen\/Library\/Developer\/Xcode\/DerivedData\/SimpleMath-ebnnuwyezutjoefiiinnowbudsef\/Build\/Intermediates.noindex\/ArchiveIntermediates\/SimpleMath\/IntermediateBuildFilesPath\/SimpleMath.build\/Release-iphoneos\/SimpleMath.build\/DerivedSources\/CoreMLGenerated\/best_360_leg\/best_360_leg.swift",
      "kind": "Array",
      "offset": 644,
      "length": 48,
      "value": "[\"image\", \"iouThreshold\", \"confidenceThreshold\"]"
    },
    {
      "filePath": "\/Users\/infogen\/Library\/Developer\/Xcode\/DerivedData\/SimpleMath-ebnnuwyezutjoefiiinnowbudsef\/Build\/Intermediates.noindex\/ArchiveIntermediates\/SimpleMath\/IntermediateBuildFilesPath\/SimpleMath.build\/Release-iphoneos\/SimpleMath.build\/DerivedSources\/CoreMLGenerated\/best_360_leg\/best_360_leg.swift",
      "kind": "StringLiteral",
      "offset": 809,
      "length": 7,
      "value": "\"image\""
    },
    {
      "filePath": "\/Users\/infogen\/Library\/Developer\/Xcode\/DerivedData\/SimpleMath-ebnnuwyezutjoefiiinnowbudsef\/Build\/Intermediates.noindex\/ArchiveIntermediates\/SimpleMath\/IntermediateBuildFilesPath\/SimpleMath.build\/Release-iphoneos\/SimpleMath.build\/DerivedSources\/CoreMLGenerated\/best_360_leg\/best_360_leg.swift",
      "kind": "StringLiteral",
      "offset": 911,
      "length": 14,
      "value": "\"iouThreshold\""
    },
    {
      "filePath": "\/Users\/infogen\/Library\/Developer\/Xcode\/DerivedData\/SimpleMath-ebnnuwyezutjoefiiinnowbudsef\/Build\/Intermediates.noindex\/ArchiveIntermediates\/SimpleMath\/IntermediateBuildFilesPath\/SimpleMath.build\/Release-iphoneos\/SimpleMath.build\/DerivedSources\/CoreMLGenerated\/best_360_leg\/best_360_leg.swift",
      "kind": "StringLiteral",
      "offset": 1022,
      "length": 21,
      "value": "\"confidenceThreshold\""
    },
    {
      "filePath": "\/Users\/infogen\/Library\/Developer\/Xcode\/DerivedData\/SimpleMath-ebnnuwyezutjoefiiinnowbudsef\/Build\/Intermediates.noindex\/ArchiveIntermediates\/SimpleMath\/IntermediateBuildFilesPath\/SimpleMath.build\/Release-iphoneos\/SimpleMath.build\/DerivedSources\/CoreMLGenerated\/best_360_leg\/best_360_leg.swift",
      "kind": "IntegerLiteral",
      "offset": 1608,
      "length": 3,
      "value": "640"
    },
    {
      "filePath": "\/Users\/infogen\/Library\/Developer\/Xcode\/DerivedData\/SimpleMath-ebnnuwyezutjoefiiinnowbudsef\/Build\/Intermediates.noindex\/ArchiveIntermediates\/SimpleMath\/IntermediateBuildFilesPath\/SimpleMath.build\/Release-iphoneos\/SimpleMath.build\/DerivedSources\/CoreMLGenerated\/best_360_leg\/best_360_leg.swift",
      "kind": "IntegerLiteral",
      "offset": 1625,
      "length": 3,
      "value": "640"
    },
    {
      "filePath": "\/Users\/infogen\/Library\/Developer\/Xcode\/DerivedData\/SimpleMath-ebnnuwyezutjoefiiinnowbudsef\/Build\/Intermediates.noindex\/ArchiveIntermediates\/SimpleMath\/IntermediateBuildFilesPath\/SimpleMath.build\/Release-iphoneos\/SimpleMath.build\/DerivedSources\/CoreMLGenerated\/best_360_leg\/best_360_leg.swift",
      "kind": "IntegerLiteral",
      "offset": 2022,
      "length": 3,
      "value": "640"
    },
    {
      "filePath": "\/Users\/infogen\/Library\/Developer\/Xcode\/DerivedData\/SimpleMath-ebnnuwyezutjoefiiinnowbudsef\/Build\/Intermediates.noindex\/ArchiveIntermediates\/SimpleMath\/IntermediateBuildFilesPath\/SimpleMath.build\/Release-iphoneos\/SimpleMath.build\/DerivedSources\/CoreMLGenerated\/best_360_leg\/best_360_leg.swift",
      "kind": "IntegerLiteral",
      "offset": 2039,
      "length": 3,
      "value": "640"
    },
    {
      "filePath": "\/Users\/infogen\/Library\/Developer\/Xcode\/DerivedData\/SimpleMath-ebnnuwyezutjoefiiinnowbudsef\/Build\/Intermediates.noindex\/ArchiveIntermediates\/SimpleMath\/IntermediateBuildFilesPath\/SimpleMath.build\/Release-iphoneos\/SimpleMath.build\/DerivedSources\/CoreMLGenerated\/best_360_leg\/best_360_leg.swift",
      "kind": "IntegerLiteral",
      "offset": 2380,
      "length": 3,
      "value": "640"
    },
    {
      "filePath": "\/Users\/infogen\/Library\/Developer\/Xcode\/DerivedData\/SimpleMath-ebnnuwyezutjoefiiinnowbudsef\/Build\/Intermediates.noindex\/ArchiveIntermediates\/SimpleMath\/IntermediateBuildFilesPath\/SimpleMath.build\/Release-iphoneos\/SimpleMath.build\/DerivedSources\/CoreMLGenerated\/best_360_leg\/best_360_leg.swift",
      "kind": "IntegerLiteral",
      "offset": 2397,
      "length": 3,
      "value": "640"
    },
    {
      "filePath": "\/Users\/infogen\/Library\/Developer\/Xcode\/DerivedData\/SimpleMath-ebnnuwyezutjoefiiinnowbudsef\/Build\/Intermediates.noindex\/ArchiveIntermediates\/SimpleMath\/IntermediateBuildFilesPath\/SimpleMath.build\/Release-iphoneos\/SimpleMath.build\/DerivedSources\/CoreMLGenerated\/best_360_leg\/best_360_leg.swift",
      "kind": "IntegerLiteral",
      "offset": 2663,
      "length": 3,
      "value": "640"
    },
    {
      "filePath": "\/Users\/infogen\/Library\/Developer\/Xcode\/DerivedData\/SimpleMath-ebnnuwyezutjoefiiinnowbudsef\/Build\/Intermediates.noindex\/ArchiveIntermediates\/SimpleMath\/IntermediateBuildFilesPath\/SimpleMath.build\/Release-iphoneos\/SimpleMath.build\/DerivedSources\/CoreMLGenerated\/best_360_leg\/best_360_leg.swift",
      "kind": "IntegerLiteral",
      "offset": 2680,
      "length": 3,
      "value": "640"
    },
    {
      "filePath": "\/Users\/infogen\/Library\/Developer\/Xcode\/DerivedData\/SimpleMath-ebnnuwyezutjoefiiinnowbudsef\/Build\/Intermediates.noindex\/ArchiveIntermediates\/SimpleMath\/IntermediateBuildFilesPath\/SimpleMath.build\/Release-iphoneos\/SimpleMath.build\/DerivedSources\/CoreMLGenerated\/best_360_leg\/best_360_leg.swift",
      "kind": "StringLiteral",
      "offset": 3144,
      "length": 12,
      "value": "\"confidence\""
    },
    {
      "filePath": "\/Users\/infogen\/Library\/Developer\/Xcode\/DerivedData\/SimpleMath-ebnnuwyezutjoefiiinnowbudsef\/Build\/Intermediates.noindex\/ArchiveIntermediates\/SimpleMath\/IntermediateBuildFilesPath\/SimpleMath.build\/Release-iphoneos\/SimpleMath.build\/DerivedSources\/CoreMLGenerated\/best_360_leg\/best_360_leg.swift",
      "kind": "StringLiteral",
      "offset": 3611,
      "length": 13,
      "value": "\"coordinates\""
    },
    {
      "filePath": "\/Users\/infogen\/Library\/Developer\/Xcode\/DerivedData\/SimpleMath-ebnnuwyezutjoefiiinnowbudsef\/Build\/Intermediates.noindex\/ArchiveIntermediates\/SimpleMath\/IntermediateBuildFilesPath\/SimpleMath.build\/Release-iphoneos\/SimpleMath.build\/DerivedSources\/CoreMLGenerated\/best_360_leg\/best_360_leg.swift",
      "kind": "StringLiteral",
      "offset": 4288,
      "length": 12,
      "value": "\"confidence\""
    },
    {
      "filePath": "\/Users\/infogen\/Library\/Developer\/Xcode\/DerivedData\/SimpleMath-ebnnuwyezutjoefiiinnowbudsef\/Build\/Intermediates.noindex\/ArchiveIntermediates\/SimpleMath\/IntermediateBuildFilesPath\/SimpleMath.build\/Release-iphoneos\/SimpleMath.build\/DerivedSources\/CoreMLGenerated\/best_360_leg\/best_360_leg.swift",
      "kind": "StringLiteral",
      "offset": 4343,
      "length": 13,
      "value": "\"coordinates\""
    },
    {
      "filePath": "\/Users\/infogen\/Library\/Developer\/Xcode\/DerivedData\/SimpleMath-ebnnuwyezutjoefiiinnowbudsef\/Build\/Intermediates.noindex\/ArchiveIntermediates\/SimpleMath\/IntermediateBuildFilesPath\/SimpleMath.build\/Release-iphoneos\/SimpleMath.build\/DerivedSources\/CoreMLGenerated\/best_360_leg\/best_360_leg.swift",
      "kind": "StringLiteral",
      "offset": 4843,
      "length": 14,
      "value": "\"best_360_leg\""
    },
    {
      "filePath": "\/Users\/infogen\/Library\/Developer\/Xcode\/DerivedData\/SimpleMath-ebnnuwyezutjoefiiinnowbudsef\/Build\/Intermediates.noindex\/ArchiveIntermediates\/SimpleMath\/IntermediateBuildFilesPath\/SimpleMath.build\/Release-iphoneos\/SimpleMath.build\/DerivedSources\/CoreMLGenerated\/best_360_leg\/best_360_leg.swift",
      "kind": "StringLiteral",
      "offset": 4873,
      "length": 10,
      "value": "\"mlmodelc\""
    },
    {
      "filePath": "\/Users\/infogen\/Library\/Developer\/Xcode\/DerivedData\/SimpleMath-ebnnuwyezutjoefiiinnowbudsef\/Build\/Intermediates.noindex\/ArchiveIntermediates\/SimpleMath\/IntermediateBuildFilesPath\/SimpleMath.build\/Release-iphoneos\/SimpleMath.build\/DerivedSources\/CoreMLGenerated\/best_360_leg\/best_360_leg.swift",
      "kind": "Array",
      "offset": 13595,
      "length": 2,
      "value": "[]"
    },
    {
      "filePath": "\/Users\/infogen\/Library\/Developer\/Xcode\/DerivedData\/SimpleMath-ebnnuwyezutjoefiiinnowbudsef\/Build\/Intermediates.noindex\/ArchiveIntermediates\/SimpleMath\/IntermediateBuildFilesPath\/SimpleMath.build\/Release-iphoneos\/SimpleMath.build\/DerivedSources\/CoreMLGenerated\/best_360_leg\/best_360_leg.swift",
      "kind": "IntegerLiteral",
      "offset": 13661,
      "length": 1,
      "value": "0"
    }
  ]
}