[
  {
    "metadataOutputVersion" : "3.0",
    "shortDescription" : "YOLOv5 object detector",
    "outputSchema" : [
      {
        "dataType" : "Double",
        "hasShapeFlexibility" : "1",
        "isOptional" : "0",
        "shapeFlexibility" : "0... × 4",
        "shapeRange" : "[[0, -1], [4, 4]]",
        "formattedType" : "MultiArray (Double 0 × 4)",
        "type" : "MultiArray",
        "shape" : "[0, 4]",
        "name" : "confidence",
        "shortDescription" : "Boxes Class confidence"
      },
      {
        "dataType" : "Double",
        "hasShapeFlexibility" : "1",
        "isOptional" : "0",
        "shapeFlexibility" : "0... × 4",
        "shapeRange" : "[[0, -1], [4, 4]]",
        "formattedType" : "MultiArray (Double 0 × 4)",
        "type" : "MultiArray",
        "shape" : "[0, 4]",
        "name" : "coordinates",
        "shortDescription" : "Boxes [x, y, width, height] (normalized to [0...1])"
      }
    ],
    "storagePrecision" : "Float32",
    "modelParameters" : [

    ],
    "author" : "Ultralytics",
    "specificationVersion" : 3,
    "computePrecision" : "Float16",
    "isUpdatable" : "0",
    "availability" : {
      "macOS" : "10.14",
      "tvOS" : "12.0",
      "visionOS" : "1.0",
      "watchOS" : "5.0",
      "iOS" : "12.0",
      "macCatalyst" : "12.0"
    },
    "modelType" : {
      "name" : "MLModelType_pipeline",
      "structure" : [
        {
          "name" : "MLModelType_neuralNetwork"
        },
        {
          "name" : "MLModelType_nonMaximumSuppression"
        }
      ]
    },
    "inputSchema" : [
      {
        "height" : "640",
        "colorspace" : "RGB",
        "isOptional" : "0",
        "width" : "640",
        "isColor" : "1",
        "formattedType" : "Image (Color 640 × 640)",
        "hasSizeFlexibility" : "0",
        "type" : "Image",
        "shortDescription" : "",
        "name" : "image"
      },
      {
        "isOptional" : "0",
        "formattedType" : "Double",
        "type" : "Double",
        "name" : "iouThreshold",
        "shortDescription" : "(optional) IOU Threshold override"
      },
      {
        "isOptional" : "0",
        "formattedType" : "Double",
        "type" : "Double",
        "name" : "confidenceThreshold",
        "shortDescription" : "(optional) Confidence Threshold override"
      }
    ],
    "classLabels" : [
      "front",
      "back",
      "right",
      "left"
    ],
    "generatedClassName" : "best_360_leg",
    "userDefinedMetadata" : {
      "iou_threshold" : "0.45",
      "classes" : "front, back, right, left",
      "confidence_threshold" : "0.25"
    },
    "neuralNetworkLayerTypeHistogram" : {
      "Concat" : 13,
      "UnaryPower" : 3,
      "Convolution" : 60,
      "ActivationSigmoid" : 60,
      "ReshapeStatic" : 6,
      "LoadConstantND" : 7,
      "MultiplyBroadcastable" : 2,
      "Transpose" : 3,
      "UpsampleNearestNeighbor" : 2,
      "PoolingMax" : 3,
      "SplitND" : 3,
      "Squeeze" : 1,
      "Add" : 10,
      "Multiply" : 69,
      "ConcatND" : 4,
      "Slice" : 3
    },
    "method" : "predict"
  }
]